{"cameraMode":{"drawMode":0,"name":"Shaded","section":"Shading Mode"},"sceneLighting":true,"audioPlay":false,"sceneViewState":{"m_AlwaysRefresh":false,"showFog":true,"showSkybox":true,"showFlares":true,"showImageEffects":true,"showParticleSystems":true,"showVisualEffectGraphs":true,"m_FxEnabled":true},"in2DMode":false,"pivot":{"x":-1.7411489486694337,"y":-0.6626653671264648,"z":2.851844310760498},"rotation":{"x":-0.12756991386413575,"y":0.8363656401634216,"z":-0.21963655948638917,"w":-0.4857799708843231},"size":7.3711676597595219,"orthographic":false}