{"cameraMode":{"drawMode":0,"name":"Shaded","section":"Shading Mode"},"sceneLighting":true,"audioPlay":false,"sceneViewState":{"m_AlwaysRefresh":false,"showFog":true,"showSkybox":true,"showFlares":true,"showImageEffects":true,"showParticleSystems":true,"showVisualEffectGraphs":true,"m_FxEnabled":true},"in2DMode":false,"pivot":{"x":-20.689241409301759,"y":5.179105281829834,"z":-5.943700790405273},"rotation":{"x":0.045037467032670978,"y":0.9158803820610046,"z":0.10736218094825745,"w":-0.38420751690864565},"size":15.16378402709961,"orthographic":false}